Portfolio Manager Meter ID,Start Date,End Date,Usage/Quantity,Cost ($)
31548254,7/1/09,7/31/09,58233,3661.37
31548254,8/1/09,8/31/09,282323,17949.02
31548254,9/1/09,9/30/09,405601,23876.63
31548254,10/1/09,10/31/09,387746,21179.26
31548254,11/1/09,11/30/09,769449,38578.81
31548254,12/1/09,12/31/09,109448,7305.06
31548254,1/1/10,1/31/10,79997,4709.21
31548254,2/1/10,2/28/10,295623,23907.27
31548254,3/1/10,3/31/10,345094,19442.98
31548254,4/1/10,4/30/10,433231,23955.68
31548254,5/1/10,5/31/10,970260,62157.9
31548254,6/1/10,6/30/10,199158,16536.32
31548254,7/1/10,7/31/10,380602,54270.43
31548254,8/1/10,8/31/10,528283,58136.17
31548254,9/1/10,9/30/10,544528,49559.85
31548254,10/1/10,10/31/10,794620,42214.71
31548254,11/1/10,11/30/10,299902,16811.03
31548254,12/1/10,12/31/10,95141,9588.39
31548254,1/1/11,1/31/11,358548,30724.91
31548254,2/1/11,2/28/11,214225,12900.8
31548254,3/1/11,3/31/11,82480,5278.65
31548254,4/1/11,4/30/11,384913,27104.15
31548254,5/1/11,5/31/11,1116345,69905.52
31548254,6/1/11,6/30/11,157495,19703.75
31548254,7/1/11,7/31/11,417574,45482.16
31548254,8/1/11,8/31/11,268993,20523.07
31548254,9/1/11,9/30/11,944186,57897.23
31548254,10/1/11,10/31/11,368945,19840.84
31548254,11/1/11,11/30/11,537407,28729.68
31548254,12/1/11,12/31/11,62353,2953.12
31548254,1/1/12,1/31/12,551000,29049.99
31548254,2/1/12,2/29/12,68599,2659.04
31548254,3/1/12,3/31/12,118915,5566.9
31548254,4/1/12,4/30/12,167247,5932.46
31548254,5/1/12,5/31/12,1584146,75376.04
31548254,6/1/12,6/30/12,333170,16933.41
31548254,7/1/12,7/31/12,492453,41444.41
31548254,8/1/12,8/31/12,386953,22562.73
31548254,9/1/12,9/30/12,637070,36741.18
31548254,10/1/12,10/31/12,460405,22247.61
31548254,11/1/12,11/30/12,410422,23089.23
31548254,12/1/12,12/31/12,951884,46780.59
31548254,1/1/13,1/31/13,148969,6784.28
31548254,2/1/13,2/28/13,189692,27694.48
31548254,3/1/13,3/31/13,53767,2799.45
31548254,4/1/13,4/30/13,222888,11848.07
31548254,5/1/13,5/31/13,1108181,59754.39
31548254,6/1/13,6/30/13,1081470,67621.03
31548254,7/1/13,7/31/13,478902,43550.59
31548254,8/1/13,8/31/13,326932,18939.58
31548254,9/1/13,9/30/13,591944,37526.55
31548254,10/1/13,10/31/13,371475,18783.54
31548254,11/1/13,11/30/13,218128,10436.04
31548254,12/1/13,12/31/13,168915,9638.21
31548254,1/1/14,1/31/14,463828,143905.38
31548254,2/1/14,2/28/14,491231,59294.71
31548254,3/1/14,3/31/14,60755,5146.69
31548254,4/1/14,4/30/14,1568672,88245.94
31548254,5/1/14,5/31/14,1320681,67315.91
31548254,6/1/14,6/30/14,1679543,82618.92
31548254,7/1/14,7/31/14,470744,27595
31548254,8/1/14,8/31/14,256023,13593
31548254,9/1/14,9/30/14,663311,38508
31548254,10/1/14,10/31/14,2218037,107684
31548254,11/1/14,11/30/14,397659,19824
31548254,12/1/14,12/31/14,108134,6289
31548254,1/1/15,1/31/15,66896,4302
31548254,2/1/15,2/28/15,432091,60478
31548254,3/1/15,3/31/15,240500,19486
31548254,4/1/15,4/30/15,399363,18878
31548254,5/1/15,5/31/15,1000086,44566
31548254,6/1/15,6/30/15,872315,27494
31548254,7/1/15,8/28/15,597586,Not Available
31548254,8/29/15,9/28/15,925821,129202.42
31548254,9/29/15,4/28/16,3208249,Not Available
31548254,4/29/16,5/27/16,787823,90289.98
31548254,5/28/16,8/26/16,2851832,Not Available
31548254,8/27/16,9/27/16,1009260,119040.23
31548254,9/27/16,10/26/16,1447797,186143.75
31548254,10/27/16,11/28/16,344638,59598.24
31548254,11/29/16,12/28/16,1114284,102124.86
31548254,12/29/16,1/27/17,2880371,186579.92
31548254,1/28/17,2/28/17,3657128,222306.24
31548254,3/1/17,3/29/17,1545370,132390.8
31548254,3/30/17,4/28/17,301793,62263.29
31548254,4/29/17,5/30/17,1329469,107692.11
31548254,5/31/17,6/28/17,872186,97338.55
31548254,6/29/17,7/28/17,521674,95640.11
31548254,7/29/17,8/28/17,493327,82991.46
31548254,8/29/17,9/27/17,1152599,134512.32
31548254,9/28/17,10/26/17,614019,85841.24
31548254,10/27/17,11/28/17,443815,77266.45
31548254,11/29/17,12/27/17,244024,66263.79
31548254,12/28/17,1/26/18,227562,103476.66
31548254,1/27/18,2/27/18,327543,69682.19
31548254,2/28/18,3/28/18,1395352,116430.18
31548254,3/29/18,4/27/18,2701256,147823.35
31548254,4/28/18,5/29/18,1636270,86438.8
31548254,5/30/18,6/27/18,1087859,110666.48
31548254,6/28/18,7/27/18,614833,83910.76
31548254,7/28/18,8/27/18,760546,98016.19
31548254,8/28/18,9/26/18,1898321,156469.06
31548254,9/27/18,10/23/18,3427636,206774.03
31548254,10/24/18,11/27/18,1807202,133424.01
31548254,11/28/18,12/27/18,116506,57730.87
31548254,12/28/18,1/28/19,9454,66858.54
31548254,1/29/19,2/27/19,278158,85078.82
31548254,2/28/19,3/28/19,162008,77767.29
31548254,3/29/19,4/29/19,438928,84594.32
31548254,4/30/19,5/29/19,1774635,118147.01
31548254,5/30/19,6/27/19,770479,118522.84
31548254,6/28/19,7/29/19,1483767,162321.68
31548254,7/30/19,8/27/19,597586,113556.16
31548254,8/28/19,9/26/19,710774,124349.42
31548254,9/27/19,10/25/19,964363,107210.06
31548254,10/26/19,11/25/19,602619,92454.82
31548254,11/26/19,12/11/19,439271,60895.71
31548254,12/12/19,12/27/19,2029,39773.49
31548254,12/28/19,1/28/20,213665,66236.2
31548254,1/29/20,2/27/20,127944,74402.19
31548254,2/28/20,3/27/20,77848,72395.8
31548254,3/28/20,4/28/20,1428436,121684.22
31548254,4/29/20,5/28/20,2319373,153816.13
31548254,5/29/20,6/26/20,3328946,229797.28
31548254,6/27/20,7/28/20,4396280,304366.4
31548254,7/29/20,8/26/20,3614224,246317.7
31548254,8/27/20,9/23/20,2413814,218453.3
31548254,9/24/20,10/26/20,0,0
31548254,10/27/20,11/24/20,244508,87195.45
31548254,11/25/20,12/28/20,512438,102275.08
31548254,12/29/20,1/27/21,289243,138157.3
49324439,12/1/16,1/3/17,140,63.87
49324439,1/3/17,2/1/17,14,50.32
49324439,2/1/17,3/3/17,4,51.94
49324439,3/3/17,4/3/17,91,62.83
49324439,4/3/17,5/3/17,87,62.72
49324439,5/3/17,6/2/17,197,77.61
49324439,6/2/17,7/3/17,396,134.48
49324439,7/3/17,8/2/17,437,143
49324439,8/2/17,10/2/17,302,162.34
49324439,10/2/17,10/31/17,130,63.96
49324439,10/31/17,4/4/18,105,255.75
49324439,4/4/18,5/3/18,14,49.82
49324439,5/3/18,6/4/18,19,50.07
49324439,6/4/18,7/3/18,370,117.06
49324439,7/3/18,8/2/18,183,122.12
49324439,8/2/18,8/31/18,295,100.82
49324439,8/31/18,10/2/18,274,96.64
49324439,10/2/18,10/31/18,192,64.17
49324439,10/31/18,12/3/18,81,54.43
49324439,12/3/18,1/3/19,58,56.08
49324439,1/3/19,2/1/19,46,44.14
49324439,2/1/19,3/5/19,44,44.74
49324439,3/6/19,5/3/19,30,80.53
49324439,5/4/19,6/4/19,19,39.2
49324439,6/5/19,7/3/19,518,137.64
49324439,7/4/19,8/2/19,94,47.25
49324439,8/3/19,9/3/19,321,92.44
49324439,9/4/19,10/1/19,268,81.35
49324439,10/2/19,11/20/19,218,70.1
49324439,11/21/19,1/3/20,52,46.99
49324439,1/4/20,2/3/20,27,39.42
49324439,2/3/20,4/2/20,5,84.45
49324439,4/2/20,5/4/20,68,49.47
49324439,5/4/20,6/3/20,18,44.8
49324439,6/3/20,7/2/20,518,154.08
49324439,7/2/20,8/3/20,107,71.77
49324439,8/3/20,9/1/20,291,106.9
49324439,9/1/20,10/1/20,287,105.79
49324439,10/1/20,10/30/20,200,69.15
49324439,10/30/20,12/2/20,183,66.62
49324439,12/2/20,1/4/21,145,64.01
49324439,1/4/21,2/2/21,108,60.03
49327760,12/1/16,1/3/17,86,23.25
49327760,1/3/17,2/1/17,217,36.79
49327760,2/1/17,3/3/17,148,28.1
49327760,3/3/17,4/3/17,316,49.48
49327760,4/3/17,5/3/17,162,30.52
49327760,5/3/17,6/2/17,25,13.54
49327760,6/2/17,7/3/17,20,10.99
49327760,7/3/17,8/2/17,205,50.6
49327760,8/2/17,8/31/17,184,43.76
49327760,8/31/17,10/2/17,72,21.08
49327760,10/2/17,10/31/17,476,55.86
49327760,10/31/17,12/1/17,42,11.57
49327760,12/1/17,1/3/18,149,26.1
49327760,1/3/18,2/1/18,87,32.52
49327760,2/1/18,3/5/18,1,14.85
49327760,3/5/18,4/5/18,158,33.83
49327760,4/5/18,5/3/18,211,39.37
49327760,5/3/18,6/4/18,115,30.02
49327760,6/4/18,7/3/18,19,24.27
49327760,7/3/18,8/2/18,79,36.1
49327760,8/2/18,8/31/18,23,24.43
49327760,9/1/18,10/2/18,54,30.95
49327760,10/2/18,10/31/18,139,35.12
49327760,10/31/18,12/3/18,22,24.09
49327760,12/3/18,1/3/19,2,23.15
49327760,1/4/19,3/5/19,90,42.1
49327760,3/6/19,4/2/19,240,43.67
49327760,4/3/19,5/3/19,12,16.71
49327760,5/4/19,6/4/19,75,24.42
49327760,6/5/19,8/2/19,3,21.38
49327760,8/3/19,9/3/19,0,10.33
49327760,9/4/19,10/1/19,18,14.17
49327760,10/2/19,10/31/19,141,25.32
49327760,11/1/19,12/3/19,75,18.38
49327760,12/4/19,1/3/20,265,39.29
49327760,1/4/20,2/3/20,41,11.91
49327760,2/4/20,3/4/20,108,20.18
49327760,3/4/20,4/2/20,6,8.2
49327760,4/2/20,5/4/20,24,9.92
49327760,5/4/20,6/3/20,9,8.15
49327760,6/3/20,7/2/20,1,5.6
49327760,7/2/20,8/3/20,380,83.65
49327760,8/3/20,9/1/20,486,102.37
49327760,9/1/20,10/1/20,19,9.38
49327760,10/1/20,10/30/20,26,8.26
49327760,10/30/20,12/2/20,297,33.84
49327760,12/2/20,1/4/21,16,9.87
49327760,1/4/21,2/2/21,103,37.43
49324969,12/2/16,1/3/17,872,133.98
49324969,1/4/17,2/1/17,751,128.26
49324969,2/2/17,3/3/17,714,123.68
49324969,3/4/17,4/3/17,662,123.14
49324969,4/4/17,5/3/17,564,116.33
49324969,5/4/17,6/2/17,506,114.1
49324969,6/3/17,7/3/17,491,108.56
49324969,7/4/17,8/2/17,493,108.72
49324969,8/3/17,8/31/17,525,107.69
49324969,9/1/17,10/2/17,664,117.5
49324969,10/3/17,10/31/17,668,114.69
49324969,11/1/17,12/1/17,784,133.06
49324969,12/2/17,1/3/18,872,147.8
49324969,1/4/18,2/1/18,751,135.39
49324969,2/2/18,3/5/18,757,136.8
49324969,3/6/18,4/4/18,638,123.07
49324969,4/4/18,5/3/18,545,110.91
49324969,5/4/18,6/4/18,538,114.14
49324969,6/5/18,7/3/18,459,101.19
49324969,7/4/18,8/2/18,493,102.45
49324969,8/3/18,8/31/18,525,102.42
49324969,9/1/18,10/2/18,664,108.79
49324969,10/2/18,10/31/18,668,109.26
49324969,11/1/18,12/3/18,837,122.37
49324969,12/4/18,1/3/19,819,127.77
49324969,1/4/19,2/1/19,751,124.21
49324969,2/2/19,3/5/19,757,132.56
49324969,3/6/19,4/3/19,619,117.14
49324969,4/4/19,5/3/19,564,117.15
49324969,5/4/19,6/4/19,538,117.26
49324969,6/5/19,7/3/19,459,106.88
49324969,7/4/19,8/2/19,493,109.74
49324969,8/3/19,9/3/19,587,111.89
49324969,9/4/19,10/2/19,602,111.05
49324969,10/3/19,10/31/19,668,119.29
49324969,11/1/19,12/3/19,837,128.4
49324969,12/4/19,1/3/20,819,131.72
49324969,1/4/20,2/3/20,799,135.61
49324969,2/4/20,3/4/20,711,130.9
49324969,3/5/20,4/2/20,621,128.02
49324969,4/3/20,5/4/20,600,120.88
49324969,5/5/20,6/3/20,505,110.68
49324969,6/3/20,7/2/20,459,105.29
49324969,7/3/20,8/3/20,528,111.84
49324969,8/4/20,9/1/20,528,107.96
49324969,9/2/20,10/1/20,620,111.81
49324969,10/2/20,10/30/20,90.71,114.81
49324969,10/31/20,12/2/20,834,121.22
49324969,12/3/20,1/4/21,872,135.64
49324969,1/5/21,2/2/21,749,131.34
49325200,12/1/16,1/3/17,0,4.25
49325200,1/3/17,2/1/17,0,4.25
49325200,2/1/17,3/3/17,6,4.72
49325200,3/3/17,4/3/17,0,4.25
49325200,4/3/17,5/3/17,0,4.25
49325200,5/3/17,6/2/17,0,4.25
49325200,6/2/17,7/3/17,0,4.25
49325200,7/3/17,8/2/17,0,4.25
49325200,8/2/17,8/31/17,0,4.25
49325200,8/31/17,10/2/17,0,4.25
49325200,10/2/17,10/31/17,0,4.25
49325200,10/31/17,12/1/17,0,4.25
49325200,12/1/17,1/3/18,0,4.25
49325200,1/3/18,2/1/18,0,4.24
49325200,2/1/18,3/5/18,0,4.24
49325200,3/5/18,4/4/18,0,4.24
49325200,4/4/18,5/3/18,0,4.24
49325200,5/3/18,6/4/18,0,4.24
49325200,6/4/18,7/3/18,0,4.24
49325200,7/3/18,8/2/18,0,4.24
49325200,8/2/18,8/31/18,0,4.24
49325200,9/1/18,10/2/18,0,4.24
49325200,10/2/18,10/31/18,0,4.24
49325200,10/31/18,12/3/18,0,4.74
49325200,12/3/18,1/3/19,0,4.73
49325200,1/3/19,2/1/19,0,4.74
49325200,2/2/19,3/5/19,0,4.74
49325200,3/6/19,4/2/19,0,4.74
49325200,4/3/19,5/3/19,0,4.74
49325200,5/4/19,6/4/19,0,4.73
49325200,6/5/19,7/3/19,0,4.74
49325200,7/4/19,8/2/19,0,4.74
49325200,8/3/19,9/3/19,0,4.74
49325200,9/4/19,10/1/19,0,4.73
49325200,10/2/19,10/31/19,0,4.79
49325200,11/1/19,12/3/19,0,4.79
49325200,12/4/19,1/3/20,0,4.78
49325200,1/4/20,2/3/20,0,4.79
49325200,2/4/20,3/4/20,0,4.79
49325200,3/4/20,4/2/20,0,4.79
49325200,4/2/20,5/4/20,0,4.79
49325200,5/4/20,6/3/20,0,4.78
49325200,6/3/20,7/2/20,0,4.79
49325200,7/2/20,8/3/20,0,4.79
49325200,8/3/20,9/1/20,0,4.79
49325200,9/1/20,10/1/20,0,4.79
49325200,10/1/20,10/30/20,0,4.79
49325200,10/30/20,12/2/20,0,4.79
49325200,12/2/20,1/4/21,0,4.78
49325200,1/4/21,2/2/21,0,4.79
97503345,3/4/20,5/4/20,920,1133.02
97503345,5/4/20,6/3/20,360,626.56
97503345,6/4/20,7/1/20,0,0
97503345,7/2/20,8/3/20,400,996.04
97503345,8/3/20,9/1/20,360,990.59
97503345,9/1/20,10/1/20,360,989.59
97503345,10/1/20,10/30/20,360,634.84
97503345,10/30/20,12/2/20,400,635.8
97503345,12/2/20,1/4/21,400,632.8
97503345,1/4/21,2/2/21,360,671.56
31548250,7/1/17,7/31/17,95724.43,61423.96
31548250,8/1/17,8/31/17,111309.96,70186.02
31548250,9/1/17,9/30/17,154562.96,92278.66
31548250,10/1/17,10/31/17,83294.19,52484.51
31548250,11/1/17,11/30/17,80742.14,49803.47
31548250,12/1/17,12/31/17,99718.19,65537.29
31548250,1/1/18,1/31/18,95568.58,58732.97
31548250,2/1/18,2/28/18,78824.58,56206.68
31548250,3/1/18,3/31/18,194525.81,116813.22
31548250,4/1/18,4/30/18,186627.43,112337.17
31548250,5/1/18,5/31/18,140527,86716.18
31548250,6/1/18,6/30/18,125254.15,78089.14
31548250,7/1/18,7/31/18,102728.42,65500.28
31548250,8/1/18,8/31/18,80252.84,49776.07
31548250,9/1/18,9/30/18,188003.49,117335.05
31548250,10/1/18,10/31/18,308846.52,200406.24
31548250,11/1/18,11/30/18,110245.05,74442.05
31548250,12/1/18,12/31/18,73917.81,62967.81
31548250,1/1/19,1/31/19,82491.39,60529.69
31548250,2/1/19,2/28/19,96503.31,63383.52
31548250,3/1/19,3/31/19,64224.04,41403.58
31548250,4/1/19,4/30/19,7477.25,5386.94
31548250,5/1/19,5/31/19,47117.19,29293.55
31548250,6/1/19,6/30/19,58922.65,36878.53
31548250,7/1/19,7/31/19,84591.74,49215.85
31548250,8/1/19,8/31/19,123225.98,69346.55
31548250,9/1/19,9/30/19,99130.31,57578.82
31548250,10/1/19,10/31/19,83474.44,50727.04
31548250,11/1/19,11/30/19,58866.69,37201.76
31548250,12/1/19,12/31/19,107135.01,66144.66
31548250,1/1/20,1/31/20,92537.8,54153.93
31548250,2/1/20,2/29/20,87034.37,48247.07
31548250,3/1/20,3/31/20,37818.09,21370.96
31548250,4/1/20,4/30/20,94162.07,50047.36
31548250,5/1/20,5/31/20,50326.31,27768.48
31548250,6/1/20,6/30/20,122420.13,65093.91
31548250,7/1/20,7/31/20,118080.14,59683.61
31548250,8/1/20,8/31/20,205443.3,111784.91
31548250,9/1/20,9/30/20,206467.02,128184.13
31548250,10/1/20,10/31/20,55478.31,31917.03
31548250,11/1/20,11/30/20,80650.79,53720.89
31548250,12/1/20,12/31/20,206047.99,135051.99
31548250,1/1/21,1/31/21,227227.82,138641.63
49325021,12/1/16,1/3/17,176.84,175.67
49325021,7/3/17,8/2/17,54.31,59.01
49325021,8/2/17,8/31/17,1108.09,953.09
49325021,8/31/17,10/2/17,310.18,288.26
49325021,10/2/17,10/31/17,233.35,210.13
49325021,10/31/17,12/1/17,255.82,242.96
49325021,12/1/17,1/3/18,232.08,226.9
49325021,1/3/18,2/1/18,155.47,149.99
49325021,2/1/18,3/5/18,334.37,344.84
49325021,3/5/18,4/4/18,219.55,207.08
49325021,4/4/18,5/3/18,271.28,234.19
49325021,5/4/18,6/4/18,130.13,120.35
49325021,6/4/18,7/3/18,49.18,53.29
49325021,7/3/18,8/2/18,52.12,56.29
49325021,8/2/18,8/31/18,129.25,119.53
49325021,9/1/18,10/2/18,207.19,186.17
49325021,10/2/18,10/31/18,261.6,234.88
49325021,10/31/18,12/3/18,298.98,284.26
49325021,12/3/18,1/3/19,200.06,221.56
49325021,1/3/19,2/1/19,155.62,162.91
49325021,2/2/19,3/5/19,327.01,312.66
49325021,3/6/19,4/3/19,226.28,214.97
49325021,4/4/19,5/3/19,265.23,230.27
49325021,5/4/19,6/4/19,170.01,150.87
49325021,6/5/19,7/3/19,34.5,43
49325021,7/4/19,8/2/19,17.74,28.96
49325021,8/3/19,9/3/19,136.68,117.68
49325021,9/4/19,10/2/19,133.68,117.69
49325021,10/3/19,10/31/19,220.37,202.4
49325021,11/1/19,12/3/19,267.1,247.92
49325021,12/4/19,1/3/20,165.33,155.89
49325021,1/4/20,2/3/20,125,115.74
49325021,2/4/20,3/4/20,309.59,263.6
49325021,3/4/20,4/2/20,141.68,125.27
49325021,4/2/20,5/4/20,75.63,69.86
49325021,5/4/20,6/3/20,62.85,61.44
49325021,6/3/20,7/2/20,47.13,49.56
49325021,7/2/20,1/4/21,20.91,116.72
49325021,1/4/21,2/2/21,116.26,119.28
49325117,7/3/17,8/2/17,1187.47,862.08
49325117,8/2/17,8/31/17,1606.26,1111.27
49325117,8/31/17,10/2/17,3446.47,2256.9
49325117,10/2/17,10/31/17,3211.43,2102.8
49325117,10/31/17,12/1/17,2935.61,2531.28
49325117,12/1/17,1/3/18,2085.57,1970.09
49325117,1/3/18,2/1/18,1828.84,1767.2
49325117,2/1/18,3/5/18,3394.14,3054.45
49325117,3/5/18,4/4/18,2420.25,2066.23
49325117,4/4/18,5/3/18,3101.41,1959.88
49325117,5/3/18,6/4/18,1369.52,945.3
49325117,6/4/18,7/3/18,726.21,556.51
49325117,7/3/18,8/2/18,1061.12,774.98
49325117,8/2/18,8/31/18,1693.84,1142.33
49325117,9/1/18,10/2/18,3243.87,2115.5
49325117,10/2/18,10/31/18,3079.58,2049.9
49325117,10/31/18,12/3/18,3255.36,2756.94
49325117,12/3/18,1/3/19,2004.76,2149.57
49325117,1/3/19,2/1/19,1842.17,1870.8
49325117,2/2/19,3/5/19,2835.81,2403.37
49325117,3/6/19,4/3/19,2498.59,2141.4
49325117,4/4/19,5/3/19,3432.14,2149.68
49325117,5/4/19,6/4/19,2168.15,1377.46
49325117,6/5/19,7/3/19,1577.5,1042.36
49325117,7/4/19,8/2/19,1564.02,976.44
49325117,8/3/19,11/20/19,1061.64,1345
49325117,11/21/19,12/3/19,1349.34,1084.94
49325117,12/4/19,1/3/20,2019.57,1749.94
49325117,1/4/20,2/3/20,1935.99,1630.71
49325117,2/4/20,3/4/20,2480.89,1891.79
49325117,3/4/20,4/2/20,2213.28,1473.22
49325117,4/2/20,5/4/20,8042.29,4646.74
49325117,5/4/20,6/3/20,217.86,250.6
49325117,6/3/20,7/2/20,1580.56,899.8
49325117,7/2/20,8/3/20,1743.72,940.55
49325117,8/3/20,9/1/20,1572.36,925.51
49325117,9/1/20,10/1/20,1540.91,1021.62
49325117,10/1/20,10/30/20,1322.43,835.06
49325117,10/30/20,12/2/20,2648.46,1842.48
49325117,12/2/20,1/4/21,2162.93,1489.61
49325117,1/4/21,2/2/21,1864.41,1235.47
49325377,7/3/17,8/2/17,10.44,21.35
49325377,8/2/17,8/31/17,11.49,22.14
49325377,8/31/17,10/2/17,9.4,20.43
49325377,10/2/17,10/31/17,23.02,31.94
49325377,10/31/17,12/1/17,4.19,15.97
49325377,12/1/17,1/3/18,4.18,16.11
49325377,1/3/18,2/1/18,8.4,20.17
49325377,2/1/18,3/5/18,78.86,88.58
49325377,3/5/18,4/4/18,1.05,13.77
49325377,4/4/18,5/3/18,11.52,21.48
49325377,5/3/18,6/4/18,11.54,21.63
49325377,6/4/18,7/3/18,68.02,69.09
49325377,7/3/18,8/2/18,0,12.03
49325377,8/2/18,8/31/18,61.5,63.17
49325377,9/1/18,10/2/18,20.93,29.62
49325377,10/2/18,10/31/18,0,12.03
49325377,10/31/18,12/3/18,10.45,23.66
49325377,12/3/18,1/3/19,4.19,19.07
49325377,1/3/19,2/1/19,8.41,23.08
49325377,2/2/19,3/5/19,14.72,27.75
49325377,3/6/19,4/3/19,12.63,25.83
49325377,4/4/19,5/3/19,11.58,24.82
49325377,5/4/19,6/4/19,12.59,19.06
49325377,6/5/19,7/3/19,28.23,37.99
49325377,7/4/19,8/2/19,22.95,32.93
49325377,8/3/19,9/3/19,2.09,17.04
49325377,9/4/19,10/2/19,12.53,25.07
49325377,10/3/19,11/22/19,24.01,46.71
49325377,11/23/19,12/3/19,0,5.82
49325377,12/4/19,1/3/20,5.23,20.35
49325377,1/4/20,2/3/20,1.05,16.96
49325377,2/4/20,3/4/20,6.3,20.79
49325377,3/4/20,4/2/20,14.69,26.91
49325377,4/2/20,5/4/20,23.11,33.11
49325377,5/4/20,6/3/20,11.52,24.49
49325377,6/3/20,7/2/20,34.57,40.66
49325377,7/2/20,8/3/20,19.86,30.11
49325377,8/3/20,9/1/20,14.61,27.29
49325377,9/1/20,9/30/20,40.77,49.23
49325377,9/30/20,10/29/20,1.05,17.45
49325377,10/29/20,12/2/20,0,16.7
49325377,12/2/20,12/31/20,45,45
49325377,12/31/20,2/2/21,1.05,18.07
49440466,7/3/17,8/2/17,0,12.39
49440466,8/2/17,8/31/17,0,12.39
49440466,8/31/17,10/2/17,0,12.44
49440466,10/2/17,10/31/17,0,12.44
49440466,10/31/17,12/1/17,0,12.44
49440466,12/1/17,1/3/18,0,12.5
49440466,1/3/18,2/1/18,0,13.04
49440466,2/1/18,3/5/18,0,13.04
49440466,3/5/18,4/4/18,0,12.9
49440466,4/4/18,5/3/18,3.14,14.62
49440466,5/4/18,6/4/18,0,12.03
49440466,6/4/18,7/3/18,0,12.03
49440466,7/3/18,8/2/18,0,12.03
49440466,8/2/18,8/31/18,0,12.03
49440466,9/1/18,10/2/18,0,12.03
49440466,10/2/18,10/31/18,0,12.03
49440466,10/31/18,12/3/18,0,14.93
49440466,12/3/18,1/3/19,0,14.99
49440466,1/3/19,2/1/19,0,15.46
49440466,2/2/19,3/5/19,0,15.46
49440466,3/6/19,4/3/19,0,15.46
49440466,4/4/19,5/3/19,3.16,16.36
49440466,5/4/19,6/3/19,0,15.46
49440466,6/4/19,7/3/19,0,15.46
49440466,7/4/19,8/2/19,0,15.46
49440466,8/3/19,8/30/19,0,15.46
49440466,8/31/19,10/1/19,0,15.47
49440466,10/2/19,10/31/19,0,15.75
49440466,11/1/19,12/3/19,0,15.79
49440466,12/4/19,1/2/20,0,16.2
49440466,1/3/20,1/31/20,0,16.2
49440466,2/1/20,3/3/20,0,16.2
49440466,3/3/20,4/1/20,0,16.2
49440466,4/1/20,5/1/20,0,16.2
49440466,5/1/20,6/3/20,0,16.2
49440466,6/3/20,7/2/20,0,16.2
49440466,7/2/20,7/31/20,0,16.46
49440466,7/31/20,8/31/20,0,16.67
49440466,8/31/20,9/30/20,0,16.67
49440466,9/30/20,10/29/20,0,16.67
49440466,10/29/20,12/1/20,0,16.68
49440466,12/1/20,12/31/20,0,17.19
49440466,12/31/20,2/2/21,0,17.19
49450360,9/22/17,10/2/17,0,4.56
49450360,10/2/17,10/31/17,0,12.44
49450360,10/31/17,12/1/17,0,12.44
49450360,12/1/17,1/3/18,0,12.5
49450360,1/3/18,2/1/18,0,13.04
49450360,2/1/18,3/5/18,0,13.04
49450360,3/5/18,4/4/18,0,12.9
49450360,4/4/18,5/3/18,0,12.03
49450360,5/4/18,6/4/18,0,12.03
49450360,6/4/18,7/3/18,0,12.03
49450360,7/3/18,8/2/18,0,12.03
49450360,8/2/18,8/31/18,0,12.03
49450360,9/1/18,10/2/18,0,12.03
49450360,10/2/18,10/31/18,0,12.03
49450360,10/31/18,12/3/18,0,14.93
49450360,12/3/18,1/3/19,0,14.99
49450360,1/3/19,2/1/19,0,15.46
49450360,2/2/19,3/5/19,0,15.46
49450360,3/6/19,4/3/19,0,15.46
49450360,4/4/19,5/3/19,0,15.46
49450360,5/4/19,6/3/19,0,15.46
49450360,6/4/19,7/3/19,0,15.46
49450360,7/4/19,8/2/19,0,15.46
49450360,8/3/19,8/30/19,0,15.46
49450360,8/31/19,10/1/19,0,15.47
49450360,10/2/19,10/31/19,0,15.75
49450360,11/1/19,12/3/19,0,15.79
49450360,12/4/19,1/2/20,0,16.2
49450360,1/3/20,1/31/20,0,16.2
49450360,2/1/20,3/4/20,0,16.2
49450360,3/4/20,4/2/20,0,16.2
49450360,4/2/20,5/1/20,0,16.2
49450360,5/1/20,6/3/20,0,16.2
49450360,6/3/20,7/2/20,0,16.2
49450360,7/2/20,7/31/20,0,16.46
49450360,7/31/20,8/31/20,0,16.67
49450360,8/31/20,9/30/20,0,16.67
49450360,9/30/20,10/29/20,0,16.67
49450360,10/29/20,12/1/20,0,16.68
49450360,12/1/20,12/31/20,0,17.19
49450360,12/31/20,2/2/21,0,17.19
49327857,3/4/17,4/3/17,554.64,544.28
49327857,4/3/17,5/3/17,689.1,625.21
49327857,5/3/17,6/2/17,263.92,251.92
49327857,6/2/17,7/3/17,8.37,32.08
49327857,7/3/17,8/2/17,73.11,87.54
49327857,8/2/17,8/31/17,149.35,151.56
49327857,8/31/17,10/2/17,597.39,532.39
49327857,10/2/17,12/1/17,1292.57,1189.19
49327857,12/1/17,1/3/18,456.84,446.93
49327857,1/3/18,2/1/18,342.45,330.28
49327857,2/1/18,3/5/18,859.05,885.84
49327857,3/5/18,4/4/18,632.38,595.57
49327857,4/4/18,5/3/18,598.08,513.83
49327857,5/4/18,6/4/18,199.4,190.03
49327857,6/4/18,7/3/18,155.91,154.85
49327857,7/3/18,8/2/18,415.9,377.3
49327857,8/2/18,8/31/18,228.28,213.91
49327857,9/1/18,10/2/18,307.64,282.64
49327857,10/2/18,10/31/18,866.43,762.15
49327857,10/31/18,12/3/18,645.01,605.98
49327857,12/3/18,1/3/19,429.44,468.99
49327857,1/3/19,2/1/19,342.77,352.37
49327857,2/2/19,3/5/19,496.29,468.59
49327857,3/6/19,4/3/19,418.89,392.72
49327857,4/4/19,5/3/19,500.98,436.67
49327857,5/4/19,6/4/19,309.59,277.51
49327857,6/5/19,7/3/19,162.04,160.3
49327857,7/4/19,9/3/19,557.16,483.1
49327857,9/4/19,10/2/19,452.22,376.67
49327857,10/3/19,11/22/19,1011.86,880.52
49327857,11/23/19,12/3/19,130.55,119.05
49327857,12/4/19,1/3/20,198.82,191.16
49327857,1/4/20,2/3/20,182.78,172.28
49327857,2/4/20,3/4/20,538.36,448.36
49327857,3/4/20,8/3/20,416.09,458.03
49327857,8/3/20,9/1/20,64.72,80.29
49327857,9/1/20,10/1/20,326.16,293.32
49327857,10/1/20,10/30/20,388.89,348.08
49327857,10/30/20,12/2/20,395.54,388.53
49327857,12/2/20,1/4/21,480.3,466.64
49327857,1/4/21,2/2/21,170.73,174.65
31548249,7/1/17,7/31/17,483960.38,216457.5
31548249,8/1/17,8/31/17,477804.02,208595.56
31548249,9/1/17,9/30/17,399679.21,175038.14
31548249,10/1/17,10/31/17,517713.81,225507.99
31548249,11/1/17,11/30/17,491519.55,202848.63
31548249,12/1/17,12/31/17,521347.32,232423.61
31548249,1/1/18,1/31/18,520928.86,214946.97
31548249,2/1/18,2/28/18,502442.91,253602.63
31548249,3/1/18,3/14/18,248320.63,100133.5
31548249,3/15/18,3/31/18,45783.04,18532.49
31548249,4/1/18,4/30/18,147043.78,59682
31548249,5/1/18,5/31/18,246583.07,103257.92
31548249,6/1/18,6/30/18,360620.91,152893.1
31548249,7/1/18,7/31/18,517281.11,225427.67
31548249,8/1/18,8/31/18,544301.96,227542.68
31548249,9/1/18,9/30/18,342926.53,145972.47
31548249,10/1/18,10/31/18,0,139.87
31548249,11/1/18,11/30/18,418742.77,186876.85
31548249,12/1/18,12/31/18,534406.95,322853.33
31548249,1/1/19,1/31/19,498671.5,256501.09
31548249,2/1/19,2/28/19,507746.48,224148.99
31548249,3/1/19,3/31/19,554882.46,236483.51
31548249,4/1/19,4/30/19,481426.37,199283.27
31548249,5/1/19,5/31/19,267425.71,106761.64
31548249,6/1/19,6/30/19,493453.12,201387.08
31548249,7/1/19,7/31/19,484323.04,179363.38
31548249,8/1/19,8/31/19,576640.46,204738.71
31548249,9/1/19,9/30/19,564714.32,208186.15
31548249,10/1/19,10/31/19,401612.44,156418.87
31548249,11/1/19,11/30/19,338288.86,137588.04
31548249,12/1/19,12/31/19,123386.62,48905.02
31548249,1/1/20,1/16/20,32999.63,12074.59
31548249,1/17/20,1/31/20,302576.48,109934.28
31548249,2/1/20,2/29/20,567530.85,191389.1
31548249,3/1/20,3/31/20,571544.13,189.28
31548249,4/1/20,4/30/20,145928.89,45670.82
31548249,5/1/20,5/31/20,0,171.5
31548249,6/1/20,6/30/20,0,171.5
31548249,7/1/20,7/31/20,0,173.21
31548249,8/1/20,8/31/20,0,174.83
31548249,9/1/20,9/30/20,195766.32,79289.09
31548249,10/1/20,10/31/20,345243.28,122605
31548249,11/1/20,11/30/20,406323.35,181366.6
31548249,12/1/20,12/31/20,361984.2,158584.43
31548249,1/1/21,1/31/21,384892.98,151759.6
31548251,7/3/17,8/2/17,7432.88,4809.02
31548251,8/2/17,8/31/17,6273.62,4015.86
31548251,8/31/17,10/2/17,6799.98,4344.1
31548251,10/2/17,10/31/17,3662.43,2382.45
31548251,10/31/17,12/1/17,3962.03,3292.43
31548251,12/1/17,1/3/18,7663.8,6041.13
31548251,1/3/18,2/1/18,7088.48,5517.54
31548251,2/1/18,3/5/18,5949.21,5203.33
31548251,3/5/18,4/4/18,5529.6,4405.83
31548251,4/5/18,5/3/18,3890.12,2432.76
31548251,5/4/18,6/4/18,5262.96,3323.48
31548251,6/4/18,7/3/18,5863.02,3728.12
31548251,7/3/18,8/2/18,7187.07,4621.2
31548251,8/2/18,8/31/18,7245.44,4529.89
31548251,9/1/18,10/2/18,6829.91,4335.77
31548251,10/2/18,10/31/18,3870.66,2548.53
31548251,10/31/18,12/3/18,4665.6,4036.1
31548251,12/3/18,1/3/19,4798.23,4675.5
31548251,1/3/19,2/1/19,7138.42,5915.42
31548251,2/2/19,3/5/19,7385.51,5646.65
31548251,3/6/19,4/3/19,4698.27,3912.19
31548251,4/4/19,5/3/19,2990.1,1889.79
31548251,5/4/19,6/4/19,3975.29,2414.82
31548251,6/5/19,7/2/19,5515.51,3317.92
31548251,7/3/19,8/2/19,7349.52,4094.04
31548251,8/3/19,8/30/19,10915.76,5849.1
31548251,8/31/19,10/1/19,10562.9,5841.27
31548251,10/2/19,10/30/19,3756.65,2242.38
31548251,10/31/19,12/3/19,5146.95,4087.17
31548251,12/4/19,1/2/20,5682,4340.63
31548251,1/3/20,1/31/20,5229.17,3924.04
31548251,2/1/20,3/3/20,6185.42,4049.9
31548251,3/3/20,4/2/20,3059.13,2480.55
31548251,4/2/20,5/1/20,2223.82,1207.77
31548251,5/1/20,6/3/20,2438.39,1338.88
31548251,6/3/20,7/2/20,5507.33,2777.09
31548251,7/2/20,7/31/20,7887.51,3702.51
31548251,7/31/20,9/1/20,7940.06,4059.69
31548251,9/1/20,9/30/20,5304.34,3156.59
31548251,9/30/20,10/30/20,1321.38,834.52
31548251,10/30/20,12/1/20,4136.45,3488.53
31548251,12/1/20,12/31/20,6510.75,4923.47
31548251,12/31/20,2/2/21,5966.1,4342.67
49324175,7/3/17,8/2/17,1273.1,1105.45
49324175,8/2/17,8/31/17,36.55,43.42
49324175,8/31/17,10/2/17,2390.6,2043.66
49324175,10/2/17,10/31/17,1613.56,1379.4
49324175,10/31/17,12/1/17,1599.91,1421.32
49324175,12/1/17,1/3/18,1191.75,1061.97
49324175,1/3/18,2/1/18,3028.47,2794.82
49324175,2/1/18,3/5/18,1356.39,1299.64
49324175,3/5/18,6/4/18,2299.7,1934.3
49324175,6/4/18,7/3/18,273.11,241.12
49324175,7/3/18,8/2/18,452.38,396.27
49324175,8/2/18,8/31/18,855.78,723.78
49324175,9/1/18,10/2/18,1497.41,1270.18
49324175,10/2/18,10/31/18,1683.67,1446.29
49324175,10/31/18,12/3/18,1553.46,1388.18
49324175,12/3/18,1/3/19,1077.8,1107.08
49324175,1/4/19,3/5/19,2498.29,2318.57
49324175,3/6/19,4/3/19,1309.29,1155.12
49324175,4/4/19,5/3/19,754.63,626.66
49324175,5/4/19,6/4/19,2278.34,1828.75
49324175,6/5/19,7/2/19,502.83,417.69
49324175,7/3/19,8/2/19,660.45,518.4
49324175,8/3/19,8/30/19,751.23,576.05
49324175,8/31/19,10/1/19,1944.64,1499.43
49324175,10/2/19,10/30/19,1843.34,1550.03
49324175,10/31/19,12/2/19,1739.3,1480.74
49324175,12/3/19,1/2/20,1079.89,886.7
49324175,1/3/20,1/31/20,697.5,552.65
49324175,2/1/20,3/3/20,1978.2,1548.26
49324175,3/3/20,4/2/20,854.25,637.98
49324175,4/2/20,5/1/20,194.33,153.86
49324175,5/1/20,6/3/20,221.01,175.32
49324175,6/3/20,7/2/20,195.87,154.91
49324175,7/2/20,7/31/20,195.49,149.76
49324175,7/31/20,9/1/20,221.2,176.94
49324175,9/1/20,9/30/20,198.63,175.33
49324175,9/30/20,10/30/20,202.81,168.66
49324175,10/30/20,12/1/20,216.61,199.06
49324175,12/1/20,12/31/20,185.21,173.53
49324175,12/31/20,2/2/21,1026.47,909.5
49324216,7/3/17,8/2/17,28.2,36.6
49324216,8/2/17,8/31/17,36.55,43.42
49324216,8/31/17,10/2/17,180.68,165.95
49324216,10/2/17,10/31/17,167.43,154.28
49324216,10/31/17,12/1/17,177.19,172.71
49324216,12/1/17,1/3/18,134.86,136.07
49324216,1/3/18,2/1/18,80.89,82.84
49324216,2/1/18,3/5/18,212.4,223.86
49324216,3/5/18,4/4/18,138.66,135.38
49324216,4/4/18,5/3/18,173.87,154.22
49324216,5/3/18,6/3/18,82.91,81.03
49324216,6/4/18,7/3/18,19.88,28.71
49324216,7/3/18,8/2/18,19.81,28.83
49324216,8/2/18,8/31/18,38.57,44.1
49324216,9/1/18,10/2/18,183.12,165.86
49324216,10/2/18,10/31/18,176.84,162.68
49324216,10/31/18,12/3/18,176.67,173.93
49324216,12/3/18,1/3/19,109.98,127.97
49324216,1/3/19,2/1/19,46.27,57.59
49324216,2/1/19,3/5/19,203.99,201.16
49324216,3/6/19,4/3/19,133.67,133.25
49324216,4/4/19,5/3/19,156.82,142.47
49324216,5/4/19,6/4/19,103.9,98.18
49324216,6/5/19,7/2/19,20.91,32.16
49324216,7/3/19,8/2/19,20.87,31.34
49324216,8/3/19,8/30/19,34.43,41.15
49324216,8/31/19,10/1/19,162.92,139.8
49324216,10/2/19,10/30/19,151.44,143.57
49324216,10/31/19,12/2/19,178.42,170.15
49324216,12/3/19,1/2/20,107.78,106.65
49324216,1/3/20,1/31/20,51.47,55.79
49324216,2/1/20,3/3/20,203.59,177.84
49324216,3/3/20,4/2/20,83.96,79.52
49324216,4/2/20,5/1/20,34.67,40.77
49324216,5/1/20,6/3/20,30.38,38.06
49324216,6/3/20,7/2/20,49.23,51.04
49324216,7/2/20,7/31/20,96.18,82.04
49324216,7/31/20,9/1/20,93.9,84.71
49324216,9/1/20,9/30/20,26.14,37.54
49324216,9/30/20,10/30/20,29.27,38.6
49324216,10/30/20,12/1/20,34.53,45.75
49324216,12/1/20,12/31/20,43.95,54.29
49324216,12/31/20,2/2/21,68.08,71.79
49324348,7/3/17,8/2/17,6.4,17.88
49324348,8/2/17,8/31/17,4.27,16.01
49324348,8/31/17,10/2/17,16.01,26.04
49324348,10/2/17,10/31/17,119.73,113.87
49324348,10/31/17,12/1/17,618.04,597.71
49324348,12/1/17,1/3/18,2083.7,2051.96
49324348,1/3/18,2/1/18,1836.23,1761.48
49324348,2/1/18,3/5/18,1171.98,1218.74
49324348,3/5/18,4/4/18,939.04,892.41
49324348,4/4/18,5/3/18,397,337.15
49324348,5/3/18,6/4/18,130.8,120.91
49324348,6/4/18,7/3/18,4.28,15.63
49324348,7/3/18,8/2/18,29.82,37.36
49324348,8/2/18,10/2/18,54.42,69.59
49324348,10/2/18,10/31/18,337.82,299.81
49324348,10/31/18,12/3/18,930.24,892.67
49324348,12/3/18,1/3/19,1105.4,1224.63
49324348,1/3/19,2/1/19,1837.99,1896.68
49324348,2/1/19,3/5/19,972.17,935.63
49324348,3/6/19,4/3/19,765.58,728.59
49324348,4/4/19,5/3/19,273.12,236.66
49324348,5/4/19,6/4/19,149.03,134.17
49324348,6/5/19,7/3/19,9.61,23.13
49324348,7/4/19,8/2/19,5.33,19.51
49324348,8/3/19,9/3/19,3.2,17.86
49324348,9/4/19,10/2/19,11.74,24.46
49324348,10/3/19,10/31/19,338.23,312.73
49324348,11/1/19,12/3/19,289.94,275.99
49324348,12/4/19,1/3/20,624.33,572.45
49324348,1/4/20,2/3/20,589.18,521.43
49324348,2/4/20,3/4/20,454.59,389.86
49324348,3/4/20,4/2/20,293.77,256.81
49324348,4/2/20,5/4/20,144.88,131.8
49324348,5/4/20,6/3/20,80.26,80.82
49324348,6/3/20,7/2/20,2.14,17.7
49324348,7/2/20,8/3/20,25.63,34.08
49324348,8/3/20,9/1/20,1.07,17.52
49324348,9/1/20,10/1/20,74.76,76.23
49324348,10/1/20,10/30/20,106.8,104.21
49324348,10/30/20,12/2/20,290.78,285.48
49324348,12/2/20,1/4/21,664.95,629.42
49324348,1/4/21,2/4/21,550.02,503.5
49324390,7/3/17,8/2/17,9.4,20.46
49324390,8/2/17,8/31/17,1.04,13.28
49324390,8/31/17,10/2/17,1.04,13.33
49324390,10/2/17,10/31/17,2.09,14.21
49324390,10/31/17,12/1/17,0,12.44
49324390,12/1/17,1/3/18,1.05,13.38
49324390,1/3/18,2/1/18,4.2,16.81
49324390,2/1/18,3/5/18,52.57,66.81
49324390,3/5/18,4/4/18,5.25,17.5
49324390,4/4/18,5/3/18,10.47,20.63
49324390,5/3/18,6/4/18,2.1,13.78
49324390,6/4/18,7/3/18,55.46,58.55
49324390,7/3/18,8/2/18,8.34,19.11
49324390,8/2/18,8/31/18,20.85,29.37
49324390,9/1/18,10/2/18,92.08,89.42
49324390,10/2/18,10/31/18,19.88,28.97
49324390,10/31/18,12/3/18,2.09,16.83
49324390,12/3/18,1/3/19,1.05,15.95
49324390,1/3/19,2/1/19,4.21,19.22
49324390,2/1/19,3/5/19,9.46,23.37
49324390,3/6/19,4/3/19,13.68,26.7
49324390,4/3/19,5/3/19,3.16,18.01
49324390,5/4/19,6/4/19,2.1,17.13
49324390,6/5/19,7/3/19,21.95,32.96
49324390,7/4/19,8/2/19,18.78,29.75
49324390,8/3/19,11/22/19,2.09,59.9
49324390,11/23/19,12/3/19,0,5.82
49324390,12/4/19,1/3/20,1.05,17
49324390,1/4/20,2/3/20,5.25,20.19
49324390,2/4/20,3/4/20,17.84,29.94
49324390,3/4/20,4/2/20,13.64,26.49
49324390,4/2/20,5/4/20,9.45,22.92
49324390,5/4/20,6/3/20,2.1,17.71
49324390,6/3/20,7/2/20,8.38,22.13
49324390,7/2/20,8/3/20,12.55,25.1
49324390,8/3/20,9/1/20,8.35,22.77
49324390,9/1/20,10/1/20,7.32,22.46
49324390,10/1/20,10/30/20,6.27,21.36
49324390,10/30/20,12/2/20,0,16.7
49324390,12/2/20,1/4/21,1.05,17.5
49324390,1/4/21,2/2/21,5.24,21.42
81413017,7/3/17,8/2/17,960.83,718.68
81413017,8/2/17,8/31/17,1070.49,777.84
81413017,8/31/17,10/2/17,1196.86,856.51
81413017,10/2/17,10/31/17,1196.04,853.16
81413017,10/31/17,12/1/17,1960.57,1788.04
81413017,12/1/17,1/3/18,3492.67,3064.33
81413017,1/3/18,2/1/18,3151.37,2740.08
81413017,2/1/18,3/5/18,2385.78,2362.38
81413017,3/5/18,4/4/18,2047.34,1909.54
81413017,4/4/18,5/3/18,1299.85,885.32
81413017,5/3/18,6/4/18,964.44,697.79
81413017,6/4/18,7/3/18,885.26,655.02
81413017,7/3/18,8/2/18,872.46,656.27
81413017,8/2/18,8/31/18,986.07,710.42
81413017,9/1/18,10/2/18,1406.37,978.92
81413017,10/2/18,10/31/18,1523.57,1069.12
81413017,10/31/18,12/3/18,2613.49,2376
81413017,12/3/18,1/3/19,2697.11,2784.02
81413017,1/3/19,2/1/19,3178.59,2948.74
81413017,2/2/19,3/5/19,3205.93,2756.03
81413017,3/6/19,4/3/19,2235.47,2030.96
81413017,4/3/19,5/3/19,1360.86,932.98
81413017,5/4/19,6/4/19,1186.92,814.69
81413017,6/5/19,7/2/19,905.31,656.71
81413017,7/3/19,8/2/19,842,587.98
81413017,8/3/19,8/30/19,857.65,583.29
81413017,8/31/19,10/1/19,1220.89,793.55
81413017,10/2/19,10/30/19,1261.61,875.37
81413017,10/31/19,12/2/19,2222.38,1954.92
81413017,12/3/19,1/3/20,2560.56,2160.46
81413017,1/4/20,1/31/20,2266.88,1911.15
81413017,2/1/20,3/3/20,2254.21,1726.46
81413017,3/3/20,4/2/20,1642.38,1365.9
81413017,4/2/20,5/1/20,1456.98,889.93
81413017,5/1/20,6/3/20,1636.07,1000.65
81413017,6/3/20,7/2/20,1108.17,674
81413017,7/2/20,7/31/20,760,490.03
81413017,7/31/20,9/1/20,1156.06,720.21
81413017,9/1/20,9/30/20,1593.18,1053.81
81413017,9/30/20,10/30/20,1925.62,1216.97
81413017,10/30/20,12/1/20,2182.81,1906.21
81413017,12/1/20,12/31/20,3110.97,2553.12
81413017,12/31/20,2/2/21,2946.39,2295.58
49324753,7/3/17,8/2/17,85.64,85.91
49324753,8/2/17,8/31/17,76.24,77.12
49324753,8/31/17,10/2/17,193.21,176.58
49324753,10/2/17,10/31/17,178.94,164.03
49324753,10/31/17,12/1/17,199.2,188.8
49324753,12/1/17,1/3/18,178.76,174.18
49324753,1/3/18,2/1/18,121.85,117.4
49324753,2/1/18,3/5/18,239.74,246.88
49324753,3/5/18,4/4/18,171.22,161.28
49324753,4/4/18,5/3/18,195.87,172.44
49324753,5/3/18,6/4/18,131.18,121.23
49324753,6/4/18,7/3/18,80.57,79.62
49324753,7/3/18,8/2/18,88.6,87.28
49324753,8/2/18,8/31/18,103.19,97.86
49324753,9/1/18,10/2/18,146.5,135.16
49324753,10/2/18,10/31/18,178.94,164.46
49324753,10/31/18,12/3/18,193.4,184.96
49324753,12/3/18,1/3/19,150.83,168.16
49324753,1/3/19,2/1/19,121.97,129.01
49324753,2/2/19,3/5/19,200.83,193.45
49324753,3/6/19,4/3/19,150.51,144.67
49324753,4/4/19,5/3/19,170.5,153.54
49324753,5/4/19,6/4/19,139.58,126.63
49324753,6/5/19,7/3/19,77.36,77.23
49324753,7/4/19,8/2/19,84.26,78.22
49324753,8/3/19,9/3/19,129.38,112.21
49324753,9/4/19,10/2/19,82.51,78.57
49324753,10/3/19,10/31/19,156.66,145.21
49324753,11/1/19,12/3/19,193.02,179.97
49324753,12/4/19,1/3/20,128.71,122.05
49324753,1/4/20,2/3/20,105.05,97.42
49324753,2/4/20,3/4/20,207.79,178.63
49324753,3/4/20,4/2/20,114.39,101.75
49324753,4/2/20,5/4/20,75.63,69.86
49324753,5/4/20,6/3/20,64.94,62.95
49324753,6/3/20,7/2/20,149.78,122.27
49324753,7/2/20,8/3/20,168.31,131.93
49324753,8/3/20,9/1/20,88.69,80.95
49324753,9/1/20,10/1/20,111.86,105.81
49324753,10/1/20,10/30/20,114.99,102.85
49324753,10/30/20,1/4/21,40.81,68.19
49324753,1/4/21,2/2/21,98.46,96.21